{
    "rmse": 0.7406005213490356,
    "mae": 0.6052593242033397,
    "r2": 0.08091134477405504
}